{"cameraMode":{"drawMode":0,"name":"Shaded","section":"Shading Mode"},"sceneLighting":false,"audioPlay":false,"sceneViewState":{"showFog":true,"showMaterialUpdate":true,"showSkybox":false,"showFlares":true,"showImageEffects":true,"showParticleSystems":true,"showVisualEffectGraphs":true,"m_FxEnabled":true},"in2DMode":false,"pivot":{"x":1.4332672357559205,"y":-0.7567071914672852,"z":-0.794858455657959},"rotation":{"x":0.0007248864858411253,"y":-0.9824725985527039,"z":0.1864027976989746,"w":0.0038305888883769514},"size":2.6428754329681398,"orthographic":false}